name, country, brand, bottler, style, alcohol, volume
White Oak Tokinoka,Japanese Whisky,White Oak,White Oak,Blended Whisky,40.0%,50cl
Yamazakura Blended Whisky,Japanese Whisky,Yamazakura,Yamazakura,Blended Whisky,40.0%,70cl
White Oak Tokinoka Black,Japanese Whisky,White Oak,White Oak,Blended Whisky,50.0%,50cl
The Kurayoshi Tottori,Japanese Whisky,Kurayoshi,Kurayoshi,Blended Whisky,43.0%,70cl
White Oak Akashi 5 Year Old Red Wine Cask,Japanese Whisky,White Oak,White Oak,Single Malt Whisky,50.0%,50cl
Akashi 6 Year Old (cask 61695) - Red Wine Cask,Japanese Whisky,White Oak,Akashi,Single Malt Whisky,50.0%,50cl
The Kurayoshi Pure Malt Sherry Cask,Japanese Whisky,Kurayoshi,Kurayoshi,Blended Malt Whisky,43.0%,70cl
The Kurayoshi Pure Malt,Japanese Whisky,Kurayoshi,Kurayoshi,Blended Malt Whisky,43.0%,70cl
Kura The Whisky - Rum Cask Finish,Japanese Whisky,Helios,Helios,Blended Malt Whisky,40.0%,70cl
Yamazaki Bourbon Barrel 2013 (48%),Japanese Whisky,Yamazaki,Yamazaki,Single Malt Whisky,48.0%,70cl
Ichiro's Malt The Game Hanyu - 3rd Edition,Japanese Whisky,Hanyu,Ichiro,Single Malt Whisky,57.5%,70cl
Hibiki 30 Year Old,Japanese Whisky,Hibiki,Hibiki,Blended Whisky,43.0%,70cl
Hibiki 17 Year Old,Japanese Whisky,Hibiki,Hibiki,Blended Whisky,43.0%,70cl
Hakushu 12 Year Old,Japanese Whisky,Hakushu,Hakushu,Single Malt Whisky,43.0%,70cl
Yamazaki 18 Year Old,Japanese Whisky,Yamazaki,Yamazaki,Single Malt Whisky,43.0%,70cl
Hibiki 21 Year Old,Japanese Whisky,Hibiki,Hibiki,Blended Whisky,43.0%,70cl
Nikka Taketsuru 21 Year Old,Japanese Whisky,Nikka,Nikka,Blended Malt Whisky,43.0%,70cl
Hakushu 18 Year Old,Japanese Whisky,Hakushu,Hakushu,Single Malt Whisky,43.0%,70cl
Nikka Black Memorial Special Blend - 1990s,Japanese Whisky,Nikka,Nikka,Blended Whisky,40.0%,72cl
Nikka Blended Whisky,Japanese Whisky,Nikka,Nikka,Blended Whisky,40.0%,70cl
Karuizawa Spirit of Asama 55%,Japanese Whisky,Karuizawa,Karuizawa,Single Malt Whisky,55.0%,70cl
Miyagikyo Rum Wood Finish (bottled 2017),Japanese Whisky,Miyagikyo,Nikka,Single Malt Whisky,46.0%,70cl
Yoichi Rum Wood Finish (bottled 2017),Japanese Whisky,Yoichi,Nikka,Single Malt Whisky,46.0%,70cl
Yoichi Bourbon Wood Finish (bottled 2018),Japanese Whisky,Yoichi,Nikka,Single Malt Whisky,46.0%,70cl
Karuizawa 1985 Single Cask 7017,Japanese Whisky,Karuizawa,Number One Drinks Company,Single Malt Whisky,60.8%,70cl
